{
  "hash": "a90069a3",
  "configHash": "7699b0fa",
  "lockfileHash": "516aa96b",
  "browserHash": "8fb06191",
  "optimized": {
    "@angular/common": {
      "src": "../../../../../../node_modules/@angular/common/fesm2022/common.mjs",
      "file": "@angular_common.js",
      "fileHash": "182688cf",
      "needsInterop": false
    },
    "@angular/core": {
      "src": "../../../../../../node_modules/@angular/core/fesm2022/core.mjs",
      "file": "@angular_core.js",
      "fileHash": "8b679e41",
      "needsInterop": false
    },
    "@angular/forms": {
      "src": "../../../../../../node_modules/@angular/forms/fesm2022/forms.mjs",
      "file": "@angular_forms.js",
      "fileHash": "4df52948",
      "needsInterop": false
    },
    "@angular/platform-browser": {
      "src": "../../../../../../node_modules/@angular/platform-browser/fesm2022/platform-browser.mjs",
      "file": "@angular_platform-browser.js",
      "fileHash": "aef7914f",
      "needsInterop": false
    },
    "@angular/platform-server": {
      "src": "../../../../../../node_modules/@angular/platform-server/fesm2022/platform-server.mjs",
      "file": "@angular_platform-server.js",
      "fileHash": "e315afd6",
      "needsInterop": false
    },
    "@angular/router": {
      "src": "../../../../../../node_modules/@angular/router/fesm2022/router.mjs",
      "file": "@angular_router.js",
      "fileHash": "4e766a41",
      "needsInterop": false
    }
  },
  "chunks": {
    "chunk-4YA5OEEO": {
      "file": "chunk-4YA5OEEO.js"
    },
    "chunk-6K3IK2DV": {
      "file": "chunk-6K3IK2DV.js"
    },
    "chunk-TW4XVQZD": {
      "file": "chunk-TW4XVQZD.js"
    },
    "xhr2-ISERFGGE": {
      "file": "xhr2-ISERFGGE.js"
    },
    "chunk-NQ4HTGF6": {
      "file": "chunk-NQ4HTGF6.js"
    }
  }
}