{
  "hash": "57708b18",
  "configHash": "b459981c",
  "lockfileHash": "516aa96b",
  "browserHash": "27242276",
  "optimized": {
    "@angular/common": {
      "src": "../../../../../../node_modules/@angular/common/fesm2022/common.mjs",
      "file": "@angular_common.js",
      "fileHash": "587f2b1d",
      "needsInterop": false
    },
    "@angular/core": {
      "src": "../../../../../../node_modules/@angular/core/fesm2022/core.mjs",
      "file": "@angular_core.js",
      "fileHash": "643fc1c7",
      "needsInterop": false
    },
    "@angular/forms": {
      "src": "../../../../../../node_modules/@angular/forms/fesm2022/forms.mjs",
      "file": "@angular_forms.js",
      "fileHash": "c5e86490",
      "needsInterop": false
    },
    "@angular/platform-browser": {
      "src": "../../../../../../node_modules/@angular/platform-browser/fesm2022/platform-browser.mjs",
      "file": "@angular_platform-browser.js",
      "fileHash": "723d7f0b",
      "needsInterop": false
    },
    "@angular/router": {
      "src": "../../../../../../node_modules/@angular/router/fesm2022/router.mjs",
      "file": "@angular_router.js",
      "fileHash": "e26e16a5",
      "needsInterop": false
    }
  },
  "chunks": {
    "chunk-CRZDK43P": {
      "file": "chunk-CRZDK43P.js"
    },
    "chunk-Y5IAB3P7": {
      "file": "chunk-Y5IAB3P7.js"
    },
    "chunk-F5BRNNIR": {
      "file": "chunk-F5BRNNIR.js"
    }
  }
}